date,deal_variant_key,Final_Forecast
2025-11-03,carrousel (5 tickets)_5 tickets,23.152188377158996
2025-11-03,carrousel (5 tickets)_alle dagen geldig,25.12282740359022
2025-11-03,carrousel (5 tickets)_geldig op maandag  dinsdag  donderdag & vrijdag (28 november t/m 20 december),27.237628199147522
2025-11-03,kids pakket_alle dagen geldig,27.74396791063688
2025-11-03,kids pakket_magisch vrijthof pakket,27.54491362371932
2025-11-03,kids pakket_weekprijs (maandag t/m vrijdag & geldig t/m 22 december),28.32601065563231
2025-11-03,magisch kids pakket_5 tickets,28.495600849293723
2025-11-03,magisch kids pakket_alle dagen geldig,28.51728168273904
2025-11-03,magisch kids pakket_geldig op maandag  dinsdag  donderdag & vrijdag (28 november t/m 20 december),22.296958807982108
2025-11-03,magisch kids pakket_niet geldig op woensdag,26.152887897267334
2025-11-03,magisch vrijthof pakket_alle dagen geldig,22.90438339404686
2025-11-03,magisch vrijthof pakket_black friday deze deal vervalt op 24-11-23 23:59,24.628293604995115
2025-11-03,magisch vrijthof pakket_geldig op maandag  dinsdag  donderdag & vrijdag (28 november t/m 20 december),27.050836211406782
2025-11-03,magisch vrijthof pakket_geldig op woensdag  zaterdag & zondag (28 november t/m 20 december),33.08649059084797
2025-11-03,magisch vrijthof pakket_magisch vrijthof,23.105977925205583
2025-11-03,magisch vrijthof pakket_magisch vrijthof pakket,22.18301207835299
2025-11-03,magisch vrijthof pakket_niet geldig op woensdag,26.10015726473229
2025-11-03,magisch vrijthof pakket_weekend,25.623256343768652
2025-11-03,magisch vrijthof_magisch vrijthof,23.611779682138067
2025-11-03,magisch vrijthof_magisch vrijthof pakket,23.63399893151888
2025-11-03,magische fijnproevers_alle dagen geldig,26.557545423543736
2025-11-03,magische fijnproevers_geldig op maandag  dinsdag  donderdag & vrijdag (28 november t/m 20 december),34.73818816261214
2025-11-03,soort pakket_basis,34.8024064718753
2025-11-03,soort pakket_standaard,34.8504234638741
2025-11-04,carrousel (5 tickets)_5 tickets,23.05951367935179
2025-11-04,carrousel (5 tickets)_alle dagen geldig,22.750215844948073
2025-11-04,carrousel (5 tickets)_geldig op maandag  dinsdag  donderdag & vrijdag (28 november t/m 20 december),25.520484518607088
2025-11-04,kids pakket_alle dagen geldig,26.445247813867205
2025-11-04,kids pakket_magisch vrijthof pakket,25.93288699709584
2025-11-04,kids pakket_weekprijs (maandag t/m vrijdag & geldig t/m 22 december),26.921450681523915
2025-11-04,magisch kids pakket_5 tickets,27.143078049442828
2025-11-04,magisch kids pakket_alle dagen geldig,27.03207115897942
2025-11-04,magisch kids pakket_geldig op maandag  dinsdag  donderdag & vrijdag (28 november t/m 20 december),26.649826967660132
2025-11-04,magisch kids pakket_niet geldig op woensdag,29.323166833486525
2025-11-04,magisch vrijthof pakket_alle dagen geldig,26.662332045977635
2025-11-04,magisch vrijthof pakket_black friday deze deal vervalt op 24-11-23 23:59,24.49107026272846
2025-11-04,magisch vrijthof pakket_geldig op maandag  dinsdag  donderdag & vrijdag (28 november t/m 20 december),25.42397026799055
2025-11-04,magisch vrijthof pakket_geldig op woensdag  zaterdag & zondag (28 november t/m 20 december),26.012828297637427
2025-11-04,magisch vrijthof pakket_magisch vrijthof,25.192262795600925
2025-11-04,magisch vrijthof pakket_magisch vrijthof pakket,23.88858786128639
2025-11-04,magisch vrijthof pakket_niet geldig op woensdag,24.514672799721854
2025-11-04,magisch vrijthof pakket_weekend,23.8515939214175
2025-11-04,magisch vrijthof_magisch vrijthof,21.710816910333257
2025-11-04,magisch vrijthof_magisch vrijthof pakket,21.759986231462833
2025-11-04,magische fijnproevers_alle dagen geldig,18.4432931838621
2025-11-04,magische fijnproevers_geldig op maandag  dinsdag  donderdag & vrijdag (28 november t/m 20 december),26.717756878201012
2025-11-04,soort pakket_basis,26.7510989151967
2025-11-04,soort pakket_standaard,26.788007492297773
2025-11-05,carrousel (5 tickets)_5 tickets,20.405410232472004
2025-11-05,carrousel (5 tickets)_alle dagen geldig,20.071401000561668
2025-11-05,carrousel (5 tickets)_geldig op maandag  dinsdag  donderdag & vrijdag (28 november t/m 20 december),21.778741312401912
2025-11-05,kids pakket_alle dagen geldig,21.86989062629268
2025-11-05,kids pakket_magisch vrijthof pakket,21.335018615835743
2025-11-05,kids pakket_weekprijs (maandag t/m vrijdag & geldig t/m 22 december),26.105767380539017
2025-11-05,magisch kids pakket_5 tickets,24.183633912201294
2025-11-05,magisch kids pakket_alle dagen geldig,22.10008621896487
2025-11-05,magisch kids pakket_geldig op maandag  dinsdag  donderdag & vrijdag (28 november t/m 20 december),23.81590818278435
2025-11-05,magisch kids pakket_niet geldig op woensdag,26.393150052204394
2025-11-05,magisch vrijthof pakket_alle dagen geldig,21.42174557965071
2025-11-05,magisch vrijthof pakket_black friday deze deal vervalt op 24-11-23 23:59,23.787141370250925
2025-11-05,magisch vrijthof pakket_geldig op maandag  dinsdag  donderdag & vrijdag (28 november t/m 20 december),22.808116789904428
2025-11-05,magisch vrijthof pakket_geldig op woensdag  zaterdag & zondag (28 november t/m 20 december),17.86649016371549
2025-11-05,magisch vrijthof pakket_magisch vrijthof,20.61236177073259
2025-11-05,magisch vrijthof pakket_magisch vrijthof pakket,21.19399821188378
2025-11-05,magisch vrijthof pakket_niet geldig op woensdag,22.461084091572527
2025-11-05,magisch vrijthof pakket_weekend,21.79396275055593
2025-11-05,magisch vrijthof_magisch vrijthof,22.411648414362595
2025-11-05,magisch vrijthof_magisch vrijthof pakket,22.468298125979864
2025-11-05,magische fijnproevers_alle dagen geldig,19.49005271466472
2025-11-05,magische fijnproevers_geldig op maandag  dinsdag  donderdag & vrijdag (28 november t/m 20 december),26.588341723605694
2025-11-05,soort pakket_basis,26.62139381891617
2025-11-05,soort pakket_standaard,26.658123441479272
2025-11-06,carrousel (5 tickets)_5 tickets,21.862069304246187
2025-11-06,carrousel (5 tickets)_alle dagen geldig,19.574487501868933
2025-11-06,carrousel (5 tickets)_geldig op maandag  dinsdag  donderdag & vrijdag (28 november t/m 20 december),21.598953812830697
2025-11-06,kids pakket_alle dagen geldig,22.28254900416455
2025-11-06,kids pakket_magisch vrijthof pakket,21.955630701819857
2025-11-06,kids pakket_weekprijs (maandag t/m vrijdag & geldig t/m 22 december),27.41743977790742
2025-11-06,magisch kids pakket_5 tickets,25.049734731768982
2025-11-06,magisch kids pakket_alle dagen geldig,23.790927095976922
2025-11-06,magisch kids pakket_geldig op maandag  dinsdag  donderdag & vrijdag (28 november t/m 20 december),23.78619185636893
2025-11-06,magisch kids pakket_niet geldig op woensdag,25.767259334720574
2025-11-06,magisch vrijthof pakket_alle dagen geldig,22.76266378038887
2025-11-06,magisch vrijthof pakket_black friday deze deal vervalt op 24-11-23 23:59,26.744065432040113
2025-11-06,magisch vrijthof pakket_geldig op maandag  dinsdag  donderdag & vrijdag (28 november t/m 20 december),25.00999336397591
2025-11-06,magisch vrijthof pakket_geldig op woensdag  zaterdag & zondag (28 november t/m 20 december),18.179522605330565
2025-11-06,magisch vrijthof pakket_magisch vrijthof,23.317041494373868
2025-11-06,magisch vrijthof pakket_magisch vrijthof pakket,23.575649590924804
2025-11-06,magisch vrijthof pakket_niet geldig op woensdag,24.99210173854859
2025-11-06,magisch vrijthof pakket_weekend,24.116156868250783
2025-11-06,magisch vrijthof_magisch vrijthof,23.758266395662066
2025-11-06,magisch vrijthof_magisch vrijthof pakket,23.79126887319075
2025-11-06,magische fijnproevers_alle dagen geldig,21.978730622527312
2025-11-06,magische fijnproevers_geldig op maandag  dinsdag  donderdag & vrijdag (28 november t/m 20 december),29.39602412448288
2025-11-06,soort pakket_basis,29.435393364351583
2025-11-06,soort pakket_standaard,29.476005471126435
2025-11-07,carrousel (5 tickets)_5 tickets,21.299083259063565
2025-11-07,carrousel (5 tickets)_alle dagen geldig,19.58219412188224
2025-11-07,carrousel (5 tickets)_geldig op maandag  dinsdag  donderdag & vrijdag (28 november t/m 20 december),22.836830590995962
2025-11-07,kids pakket_alle dagen geldig,24.995793236523024
2025-11-07,kids pakket_magisch vrijthof pakket,23.987599604669857
2025-11-07,kids pakket_weekprijs (maandag t/m vrijdag & geldig t/m 22 december),27.222704078688345
2025-11-07,magisch kids pakket_5 tickets,25.588236165023726
2025-11-07,magisch kids pakket_alle dagen geldig,25.892196897376248
2025-11-07,magisch kids pakket_geldig op maandag  dinsdag  donderdag & vrijdag (28 november t/m 20 december),25.714016940971494
2025-11-07,magisch kids pakket_niet geldig op woensdag,28.470815925605347
2025-11-07,magisch vrijthof pakket_alle dagen geldig,26.705186397320777
2025-11-07,magisch vrijthof pakket_black friday deze deal vervalt op 24-11-23 23:59,29.132444882269816
2025-11-07,magisch vrijthof pakket_geldig op maandag  dinsdag  donderdag & vrijdag (28 november t/m 20 december),28.853864591190096
2025-11-07,magisch vrijthof pakket_geldig op woensdag  zaterdag & zondag (28 november t/m 20 december),26.731822726300667
2025-11-07,magisch vrijthof pakket_magisch vrijthof,26.310011970832676
2025-11-07,magisch vrijthof pakket_magisch vrijthof pakket,26.409476459014158
2025-11-07,magisch vrijthof pakket_niet geldig op woensdag,26.860431687263667
2025-11-07,magisch vrijthof pakket_weekend,26.396481906393415
2025-11-07,magisch vrijthof_magisch vrijthof,25.387160444010075
2025-11-07,magisch vrijthof_magisch vrijthof pakket,25.230216730342246
2025-11-07,magische fijnproevers_alle dagen geldig,25.675236874893475
2025-11-07,magische fijnproevers_geldig op maandag  dinsdag  donderdag & vrijdag (28 november t/m 20 december),32.743290099258424
2025-11-07,soort pakket_basis,32.790196734969044
2025-11-07,soort pakket_standaard,32.83543747473037
2025-11-10,carrousel (5 tickets)_5 tickets,22.69281456072069
2025-11-10,carrousel (5 tickets)_alle dagen geldig,21.52978771734091
2025-11-10,carrousel (5 tickets)_geldig op maandag  dinsdag  donderdag & vrijdag (28 november t/m 20 december),22.950685925034307
2025-11-10,kids pakket_alle dagen geldig,23.652217119023256
2025-11-10,kids pakket_magisch vrijthof pakket,23.182606631216686
2025-11-10,kids pakket_weekprijs (maandag t/m vrijdag & geldig t/m 22 december),23.556924905667707
2025-11-10,magisch kids pakket_5 tickets,23.93004946116311
2025-11-10,magisch kids pakket_alle dagen geldig,23.79828873546163
2025-11-10,magisch kids pakket_geldig op maandag  dinsdag  donderdag & vrijdag (28 november t/m 20 december),24.262072381592226
2025-11-10,magisch kids pakket_niet geldig op woensdag,32.615779554908926
2025-11-10,magisch vrijthof pakket_alle dagen geldig,28.12970520169578
2025-11-10,magisch vrijthof pakket_black friday deze deal vervalt op 24-11-23 23:59,22.292726572535273
2025-11-10,magisch vrijthof pakket_geldig op maandag  dinsdag  donderdag & vrijdag (28 november t/m 20 december),26.9374478144782
2025-11-10,magisch vrijthof pakket_geldig op woensdag  zaterdag & zondag (28 november t/m 20 december),30.97564889965422
2025-11-10,magisch vrijthof pakket_magisch vrijthof,22.894549368488118
2025-11-10,magisch vrijthof pakket_magisch vrijthof pakket,22.264244693480347
2025-11-10,magisch vrijthof pakket_niet geldig op woensdag,23.152447767010802
2025-11-10,magisch vrijthof pakket_weekend,21.941628340204673
2025-11-10,magisch vrijthof_magisch vrijthof,23.89156152136596
2025-11-10,magisch vrijthof_magisch vrijthof pakket,23.84932708084105
2025-11-10,magische fijnproevers_alle dagen geldig,26.17725853573738
2025-11-10,magische fijnproevers_geldig op maandag  dinsdag  donderdag & vrijdag (28 november t/m 20 december),34.99870920353722
2025-11-10,soort pakket_basis,35.06355580144964
2025-11-10,soort pakket_standaard,35.11193310201729
2025-11-11,carrousel (5 tickets)_5 tickets,23.312004009534785
2025-11-11,carrousel (5 tickets)_alle dagen geldig,22.10769066228782
2025-11-11,carrousel (5 tickets)_geldig op maandag  dinsdag  donderdag & vrijdag (28 november t/m 20 december),24.392810864601593
2025-11-11,kids pakket_alle dagen geldig,24.824496457249126
2025-11-11,kids pakket_magisch vrijthof pakket,24.16115255268354
2025-11-11,kids pakket_weekprijs (maandag t/m vrijdag & geldig t/m 22 december),24.73394965609252
2025-11-11,magisch kids pakket_5 tickets,25.047865830428872
2025-11-11,magisch kids pakket_alle dagen geldig,25.478865963126637
2025-11-11,magisch kids pakket_geldig op maandag  dinsdag  donderdag & vrijdag (28 november t/m 20 december),25.67213257080046
2025-11-11,magisch kids pakket_niet geldig op woensdag,28.075284943901924
2025-11-11,magisch vrijthof pakket_alle dagen geldig,22.991972445689335
2025-11-11,magisch vrijthof pakket_black friday deze deal vervalt op 24-11-23 23:59,19.900401264601133
2025-11-11,magisch vrijthof pakket_geldig op maandag  dinsdag  donderdag & vrijdag (28 november t/m 20 december),22.0913231439084
2025-11-11,magisch vrijthof pakket_geldig op woensdag  zaterdag & zondag (28 november t/m 20 december),21.49433860390829
2025-11-11,magisch vrijthof pakket_magisch vrijthof,22.86627600666378
2025-11-11,magisch vrijthof pakket_magisch vrijthof pakket,22.626435341845006
2025-11-11,magisch vrijthof pakket_niet geldig op woensdag,23.326737587798736
2025-11-11,magisch vrijthof pakket_weekend,22.287230087497445
2025-11-11,magisch vrijthof_magisch vrijthof,23.036223951310337
2025-11-11,magisch vrijthof_magisch vrijthof pakket,22.990866303103576
2025-11-11,magische fijnproevers_alle dagen geldig,21.33548182163137
2025-11-11,magische fijnproevers_geldig op maandag  dinsdag  donderdag & vrijdag (28 november t/m 20 december),30.032944975736402
2025-11-11,soort pakket_basis,30.073750733954583
2025-11-11,soort pakket_standaard,30.11524358444275
2025-11-12,carrousel (5 tickets)_5 tickets,20.915759533017237
2025-11-12,carrousel (5 tickets)_alle dagen geldig,18.500788912519546
2025-11-12,carrousel (5 tickets)_geldig op maandag  dinsdag  donderdag & vrijdag (28 november t/m 20 december),20.936993368385174
2025-11-12,kids pakket_alle dagen geldig,21.98039655308351
2025-11-12,kids pakket_magisch vrijthof pakket,21.284954525433864
2025-11-12,kids pakket_weekprijs (maandag t/m vrijdag & geldig t/m 22 december),25.688038914694292
2025-11-12,magisch kids pakket_5 tickets,23.453876763315034
2025-11-12,magisch kids pakket_alle dagen geldig,21.757506941696587
2025-11-12,magisch kids pakket_geldig op maandag  dinsdag  donderdag & vrijdag (28 november t/m 20 december),22.710716207974595
2025-11-12,magisch kids pakket_niet geldig op woensdag,25.891500001473524
2025-11-12,magisch vrijthof pakket_alle dagen geldig,21.420487691781446
2025-11-12,magisch vrijthof pakket_black friday deze deal vervalt op 24-11-23 23:59,22.59935324717385
2025-11-12,magisch vrijthof pakket_geldig op maandag  dinsdag  donderdag & vrijdag (28 november t/m 20 december),24.078300295761025
2025-11-12,magisch vrijthof pakket_geldig op woensdag  zaterdag & zondag (28 november t/m 20 december),21.583096817451086
2025-11-12,magisch vrijthof pakket_magisch vrijthof,24.385226320297136
2025-11-12,magisch vrijthof pakket_magisch vrijthof pakket,24.43964878558377
2025-11-12,magisch vrijthof pakket_niet geldig op woensdag,25.91956805829247
2025-11-12,magisch vrijthof pakket_weekend,24.82709979692552
2025-11-12,magisch vrijthof_magisch vrijthof,24.16402587584562
2025-11-12,magisch vrijthof_magisch vrijthof pakket,24.090778126693376
2025-11-12,magische fijnproevers_alle dagen geldig,21.21924564126884
2025-11-12,magische fijnproevers_geldig op maandag  dinsdag  donderdag & vrijdag (28 november t/m 20 december),25.937751044121814
2025-11-12,soort pakket_basis,25.969338686068475
2025-11-12,soort pakket_standaard,26.005168666070308
2025-11-13,carrousel (5 tickets)_5 tickets,23.704941071778627
2025-11-13,carrousel (5 tickets)_alle dagen geldig,21.911252688036477
2025-11-13,carrousel (5 tickets)_geldig op maandag  dinsdag  donderdag & vrijdag (28 november t/m 20 december),24.14476212003914
2025-11-13,kids pakket_alle dagen geldig,25.264163610786767
2025-11-13,kids pakket_magisch vrijthof pakket,24.699832811084963
2025-11-13,kids pakket_weekprijs (maandag t/m vrijdag & geldig t/m 22 december),29.40639158443681
2025-11-13,magisch kids pakket_5 tickets,26.747200221880746
2025-11-13,magisch kids pakket_alle dagen geldig,26.264252615554955
2025-11-13,magisch kids pakket_geldig op maandag  dinsdag  donderdag & vrijdag (28 november t/m 20 december),21.870668353945735
2025-11-13,magisch kids pakket_niet geldig op woensdag,24.848914020359597
2025-11-13,magisch vrijthof pakket_alle dagen geldig,21.498131137484418
2025-11-13,magisch vrijthof pakket_black friday deze deal vervalt op 24-11-23 23:59,21.638839608880076
2025-11-13,magisch vrijthof pakket_geldig op maandag  dinsdag  donderdag & vrijdag (28 november t/m 20 december),21.46608260696417
2025-11-13,magisch vrijthof pakket_geldig op woensdag  zaterdag & zondag (28 november t/m 20 december),18.742797672683427
2025-11-13,magisch vrijthof pakket_magisch vrijthof,22.455755453691918
2025-11-13,magisch vrijthof pakket_magisch vrijthof pakket,22.455840852967576
2025-11-13,magisch vrijthof pakket_niet geldig op woensdag,27.30715826106258
2025-11-13,magisch vrijthof pakket_weekend,26.18986576319792
2025-11-13,magisch vrijthof_magisch vrijthof,26.625530621367496
2025-11-13,magisch vrijthof_magisch vrijthof pakket,26.634344098811564
2025-11-13,magische fijnproevers_alle dagen geldig,24.09181672460657
2025-11-13,magische fijnproevers_geldig op maandag  dinsdag  donderdag & vrijdag (28 november t/m 20 december),29.02026558924763
2025-11-13,soort pakket_basis,29.058789026129432
2025-11-13,soort pakket_standaard,29.098881530689138
2025-11-14,carrousel (5 tickets)_5 tickets,18.619789384873947
2025-11-14,carrousel (5 tickets)_alle dagen geldig,20.81457173628386
2025-11-14,carrousel (5 tickets)_geldig op maandag  dinsdag  donderdag & vrijdag (28 november t/m 20 december),24.59394725356208
2025-11-14,kids pakket_alle dagen geldig,27.369463026054085
2025-11-14,kids pakket_magisch vrijthof pakket,25.96127915180879
2025-11-14,kids pakket_weekprijs (maandag t/m vrijdag & geldig t/m 22 december),28.50118169182395
2025-11-14,magisch kids pakket_5 tickets,26.91194891824307
2025-11-14,magisch kids pakket_alle dagen geldig,27.972549668268567
2025-11-14,magisch kids pakket_geldig op maandag  dinsdag  donderdag & vrijdag (28 november t/m 20 december),27.771741196698702
2025-11-14,magisch kids pakket_niet geldig op woensdag,32.17618762949431
2025-11-14,magisch vrijthof pakket_alle dagen geldig,27.697555774128336
2025-11-14,magisch vrijthof pakket_black friday deze deal vervalt op 24-11-23 23:59,22.532443629866034
2025-11-14,magisch vrijthof pakket_geldig op maandag  dinsdag  donderdag & vrijdag (28 november t/m 20 december),22.98911285940277
2025-11-14,magisch vrijthof pakket_geldig op woensdag  zaterdag & zondag (28 november t/m 20 december),22.334523365731048
2025-11-14,magisch vrijthof pakket_magisch vrijthof,22.864980754284048
2025-11-14,magisch vrijthof pakket_magisch vrijthof pakket,22.808628676209437
2025-11-14,magisch vrijthof pakket_niet geldig op woensdag,23.379943436331143
2025-11-14,magisch vrijthof pakket_weekend,23.20053123111323
2025-11-14,magisch vrijthof_magisch vrijthof,23.25203431969875
2025-11-14,magisch vrijthof_magisch vrijthof pakket,23.132134347790114
2025-11-14,magische fijnproevers_alle dagen geldig,23.52848541845706
2025-11-14,magische fijnproevers_geldig op maandag  dinsdag  donderdag & vrijdag (28 november t/m 20 december),27.267156138597535
2025-11-14,soort pakket_basis,27.301733463626437
2025-11-14,soort pakket_standaard,27.339401752982685
2025-11-17,carrousel (5 tickets)_5 tickets,20.518654039715827
2025-11-17,carrousel (5 tickets)_alle dagen geldig,17.547002834254073
2025-11-17,carrousel (5 tickets)_geldig op maandag  dinsdag  donderdag & vrijdag (28 november t/m 20 december),19.954685916550826
2025-11-17,kids pakket_alle dagen geldig,21.621497881742254
2025-11-17,kids pakket_magisch vrijthof pakket,20.860563587328734
2025-11-17,kids pakket_weekprijs (maandag t/m vrijdag & geldig t/m 22 december),21.40810500098508
2025-11-17,magisch kids pakket_5 tickets,21.737947834195985
2025-11-17,magisch kids pakket_alle dagen geldig,21.073562282124037
2025-11-17,magisch kids pakket_geldig op maandag  dinsdag  donderdag & vrijdag (28 november t/m 20 december),24.524638952470717
2025-11-17,magisch kids pakket_niet geldig op woensdag,25.688321091916016
2025-11-17,magisch vrijthof pakket_alle dagen geldig,22.20348688482354
2025-11-17,magisch vrijthof pakket_black friday deze deal vervalt op 24-11-23 23:59,28.482864597617134
2025-11-17,magisch vrijthof pakket_geldig op maandag  dinsdag  donderdag & vrijdag (28 november t/m 20 december),28.02351033045068
2025-11-17,magisch vrijthof pakket_geldig op woensdag  zaterdag & zondag (28 november t/m 20 december),34.71910164937327
2025-11-17,magisch vrijthof pakket_magisch vrijthof,28.22276460850776
2025-11-17,magisch vrijthof pakket_magisch vrijthof pakket,27.34006975882667
2025-11-17,magisch vrijthof pakket_niet geldig op woensdag,27.980599673029594
2025-11-17,magisch vrijthof pakket_weekend,26.730952227993257
2025-11-17,magisch vrijthof_magisch vrijthof,28.402207509580787
2025-11-17,magisch vrijthof_magisch vrijthof pakket,28.445563560010275
2025-11-17,magische fijnproevers_alle dagen geldig,27.6210972432783
2025-11-17,magische fijnproevers_geldig op maandag  dinsdag  donderdag & vrijdag (28 november t/m 20 december),31.521033519288352
2025-11-17,soort pakket_basis,31.577491681199795
2025-11-17,soort pakket_standaard,31.621059247903077
2025-11-18,carrousel (5 tickets)_5 tickets,23.727678312865528
2025-11-18,carrousel (5 tickets)_alle dagen geldig,20.32804239295597
2025-11-18,carrousel (5 tickets)_geldig op maandag  dinsdag  donderdag & vrijdag (28 november t/m 20 december),22.66682556964347
2025-11-18,kids pakket_alle dagen geldig,23.996125199060582
2025-11-18,kids pakket_magisch vrijthof pakket,23.048688385610724
2025-11-18,kids pakket_weekprijs (maandag t/m vrijdag & geldig t/m 22 december),23.424820074469753
2025-11-18,magisch kids pakket_5 tickets,23.616680888966446
2025-11-18,magisch kids pakket_alle dagen geldig,23.17214453460625
2025-11-18,magisch kids pakket_geldig op maandag  dinsdag  donderdag & vrijdag (28 november t/m 20 december),22.315359017976775
2025-11-18,magisch kids pakket_niet geldig op woensdag,25.412209299777892
2025-11-18,magisch vrijthof pakket_alle dagen geldig,23.51483938391585
2025-11-18,magisch vrijthof pakket_black friday deze deal vervalt op 24-11-23 23:59,22.386657641335336
2025-11-18,magisch vrijthof pakket_geldig op maandag  dinsdag  donderdag & vrijdag (28 november t/m 20 december),23.789087671548558
2025-11-18,magisch vrijthof pakket_geldig op woensdag  zaterdag & zondag (28 november t/m 20 december),19.813085378015607
2025-11-18,magisch vrijthof pakket_magisch vrijthof,21.91333374844095
2025-11-18,magisch vrijthof pakket_magisch vrijthof pakket,21.64857850754159
2025-11-18,magisch vrijthof pakket_niet geldig op woensdag,22.695953396292115
2025-11-18,magisch vrijthof pakket_weekend,21.75688684655338
2025-11-18,magisch vrijthof_magisch vrijthof,23.102389003640805
2025-11-18,magisch vrijthof_magisch vrijthof pakket,23.157977214553345
2025-11-18,magische fijnproevers_alle dagen geldig,21.9185748416652
2025-11-18,magische fijnproevers_geldig op maandag  dinsdag  donderdag & vrijdag (28 november t/m 20 december),26.032913105624306
2025-11-18,soort pakket_basis,26.06471495353098
2025-11-18,soort pakket_standaard,26.100676524475393
2025-11-19,carrousel (5 tickets)_5 tickets,24.4738397838122
2025-11-19,carrousel (5 tickets)_alle dagen geldig,21.0205868134517
2025-11-19,carrousel (5 tickets)_geldig op maandag  dinsdag  donderdag & vrijdag (28 november t/m 20 december),23.091470891330886
2025-11-19,kids pakket_alle dagen geldig,24.522458278436044
2025-11-19,kids pakket_magisch vrijthof pakket,23.602159220947364
2025-11-19,kids pakket_weekprijs (maandag t/m vrijdag & geldig t/m 22 december),27.91897581672575
2025-11-19,magisch kids pakket_5 tickets,25.9935642818474
2025-11-19,magisch kids pakket_alle dagen geldig,23.986721441517965
2025-11-19,magisch kids pakket_geldig op maandag  dinsdag  donderdag & vrijdag (28 november t/m 20 december),25.005439532241326
2025-11-19,magisch kids pakket_niet geldig op woensdag,25.394747665226607
2025-11-19,magisch vrijthof pakket_alle dagen geldig,23.66270940192469
2025-11-19,magisch vrijthof pakket_black friday deze deal vervalt op 24-11-23 23:59,22.137372060336116
2025-11-19,magisch vrijthof pakket_geldig op maandag  dinsdag  donderdag & vrijdag (28 november t/m 20 december),22.57876239847633
2025-11-19,magisch vrijthof pakket_geldig op woensdag  zaterdag & zondag (28 november t/m 20 december),17.919198264009736
2025-11-19,magisch vrijthof pakket_magisch vrijthof,21.42737884917147
2025-11-19,magisch vrijthof pakket_magisch vrijthof pakket,21.067302724641472
2025-11-19,magisch vrijthof pakket_niet geldig op woensdag,22.680395488050024
2025-11-19,magisch vrijthof pakket_weekend,21.703947536867947
2025-11-19,magisch vrijthof_magisch vrijthof,23.104644683963528
2025-11-19,magisch vrijthof_magisch vrijthof pakket,23.118332885284048
2025-11-19,magische fijnproevers_alle dagen geldig,21.236423549139133
2025-11-19,magische fijnproevers_geldig op maandag  dinsdag  donderdag & vrijdag (28 november t/m 20 december),24.01512109706971
2025-11-19,soort pakket_basis,24.04237834632201
2025-11-19,soort pakket_standaard,24.075549692953466
2025-11-20,carrousel (5 tickets)_5 tickets,21.671378094327544
2025-11-20,carrousel (5 tickets)_alle dagen geldig,18.395768882421343
2025-11-20,carrousel (5 tickets)_geldig op maandag  dinsdag  donderdag & vrijdag (28 november t/m 20 december),20.677157479909475
2025-11-20,kids pakket_alle dagen geldig,22.690066289846705
2025-11-20,kids pakket_magisch vrijthof pakket,21.696049550325796
2025-11-20,kids pakket_weekprijs (maandag t/m vrijdag & geldig t/m 22 december),29.921365669959368
2025-11-20,magisch kids pakket_5 tickets,25.403123594829115
2025-11-20,magisch kids pakket_alle dagen geldig,22.739007904989574
2025-11-20,magisch kids pakket_geldig op maandag  dinsdag  donderdag & vrijdag (28 november t/m 20 december),22.24815381515525
2025-11-20,magisch kids pakket_niet geldig op woensdag,22.451857199870087
2025-11-20,magisch vrijthof pakket_alle dagen geldig,22.866694083122145
2025-11-20,magisch vrijthof pakket_black friday deze deal vervalt op 24-11-23 23:59,19.557836613875526
2025-11-20,magisch vrijthof pakket_geldig op maandag  dinsdag  donderdag & vrijdag (28 november t/m 20 december),20.238317012751047
2025-11-20,magisch vrijthof pakket_geldig op woensdag  zaterdag & zondag (28 november t/m 20 december),17.651340692705222
2025-11-20,magisch vrijthof pakket_magisch vrijthof,22.21290678187458
2025-11-20,magisch vrijthof pakket_magisch vrijthof pakket,22.189934604007775
2025-11-20,magisch vrijthof pakket_niet geldig op woensdag,22.54071958780821
2025-11-20,magisch vrijthof pakket_weekend,22.684927026393318
2025-11-20,magisch vrijthof_magisch vrijthof,23.81171538476524
2025-11-20,magisch vrijthof_magisch vrijthof pakket,23.832895049296017
2025-11-20,magische fijnproevers_alle dagen geldig,23.260331300184223
2025-11-20,magische fijnproevers_geldig op maandag  dinsdag  donderdag & vrijdag (28 november t/m 20 december),26.13680122415276
2025-11-20,soort pakket_basis,26.16883692002166
2025-11-20,soort pakket_standaard,26.204942148377693
2025-11-21,carrousel (5 tickets)_5 tickets,27.984571136070254
2025-11-21,carrousel (5 tickets)_alle dagen geldig,22.310053043141124
2025-11-21,carrousel (5 tickets)_geldig op maandag  dinsdag  donderdag & vrijdag (28 november t/m 20 december),23.123582744839467
2025-11-21,kids pakket_alle dagen geldig,26.115134744045164
2025-11-21,kids pakket_magisch vrijthof pakket,23.2265874145156
2025-11-21,kids pakket_weekprijs (maandag t/m vrijdag & geldig t/m 22 december),27.898973227566827
2025-11-21,magisch kids pakket_5 tickets,24.663504264448864
2025-11-21,magisch kids pakket_alle dagen geldig,23.486747872885744
2025-11-21,magisch kids pakket_geldig op maandag  dinsdag  donderdag & vrijdag (28 november t/m 20 december),30.647037347261513
2025-11-21,magisch kids pakket_niet geldig op woensdag,21.948985482828483
2025-11-21,magisch vrijthof pakket_alle dagen geldig,22.99418567223998
2025-11-21,magisch vrijthof pakket_black friday deze deal vervalt op 24-11-23 23:59,22.143729621649914
2025-11-21,magisch vrijthof pakket_geldig op maandag  dinsdag  donderdag & vrijdag (28 november t/m 20 december),23.079680774667303
2025-11-21,magisch vrijthof pakket_geldig op woensdag  zaterdag & zondag (28 november t/m 20 december),22.10014076735317
2025-11-21,magisch vrijthof pakket_magisch vrijthof,23.054865564553115
2025-11-21,magisch vrijthof pakket_magisch vrijthof pakket,22.925168071636108
2025-11-21,magisch vrijthof pakket_niet geldig op woensdag,23.268382488616457
2025-11-21,magisch vrijthof pakket_weekend,24.67307374795579
2025-11-21,magisch vrijthof_magisch vrijthof,25.676450605466673
2025-11-21,magisch vrijthof_magisch vrijthof pakket,25.492885604934003
2025-11-21,magische fijnproevers_alle dagen geldig,26.917294646630484
2025-11-21,magische fijnproevers_geldig op maandag  dinsdag  donderdag & vrijdag (28 november t/m 20 december),29.096010277138596
2025-11-21,soort pakket_basis,29.134705621266473
2025-11-21,soort pakket_standaard,29.174902868196337
2025-11-24,carrousel (5 tickets)_5 tickets,24.439773020683102
2025-11-24,carrousel (5 tickets)_alle dagen geldig,20.85061272048722
2025-11-24,carrousel (5 tickets)_geldig op maandag  dinsdag  donderdag & vrijdag (28 november t/m 20 december),20.122341501043195
2025-11-24,kids pakket_alle dagen geldig,21.370666802586317
2025-11-24,kids pakket_magisch vrijthof pakket,21.457986036758573
2025-11-24,kids pakket_weekprijs (maandag t/m vrijdag & geldig t/m 22 december),23.9391911887531
2025-11-24,magisch kids pakket_5 tickets,22.25327587661464
2025-11-24,magisch kids pakket_alle dagen geldig,21.859080730215517
2025-11-24,magisch kids pakket_geldig op maandag  dinsdag  donderdag & vrijdag (28 november t/m 20 december),22.97864572175453
2025-11-24,magisch kids pakket_niet geldig op woensdag,22.49483455531903
2025-11-24,magisch vrijthof pakket_alle dagen geldig,21.986865125238907
2025-11-24,magisch vrijthof pakket_black friday deze deal vervalt op 24-11-23 23:59,20.68656024269807
2025-11-24,magisch vrijthof pakket_geldig op maandag  dinsdag  donderdag & vrijdag (28 november t/m 20 december),21.052739336808184
2025-11-24,magisch vrijthof pakket_geldig op woensdag  zaterdag & zondag (28 november t/m 20 december),35.40552607818693
2025-11-24,magisch vrijthof pakket_magisch vrijthof,28.980242042940493
2025-11-24,magisch vrijthof pakket_magisch vrijthof pakket,28.957364879487475
2025-11-24,magisch vrijthof pakket_niet geldig op woensdag,28.587955327680785
2025-11-24,magisch vrijthof pakket_weekend,28.908703528563315
2025-11-24,magisch vrijthof_magisch vrijthof,29.734298302688188
2025-11-24,magisch vrijthof_magisch vrijthof pakket,29.711851249713916
2025-11-24,magische fijnproevers_alle dagen geldig,25.48232675008141
2025-11-24,magische fijnproevers_geldig op maandag  dinsdag  donderdag & vrijdag (28 november t/m 20 december),26.384081941155706
2025-11-24,soort pakket_basis,26.428151610885635
2025-11-24,soort pakket_standaard,26.464614616553607
2025-11-25,carrousel (5 tickets)_5 tickets,19.594261916227154
2025-11-25,carrousel (5 tickets)_alle dagen geldig,19.263241224879128
2025-11-25,carrousel (5 tickets)_geldig op maandag  dinsdag  donderdag & vrijdag (28 november t/m 20 december),20.47283219201678
2025-11-25,kids pakket_alle dagen geldig,21.8206300513413
2025-11-25,kids pakket_magisch vrijthof pakket,21.42078153505889
2025-11-25,kids pakket_weekprijs (maandag t/m vrijdag & geldig t/m 22 december),25.120927886364587
2025-11-25,magisch kids pakket_5 tickets,22.970742463544664
2025-11-25,magisch kids pakket_alle dagen geldig,21.871924510064147
2025-11-25,magisch kids pakket_geldig op maandag  dinsdag  donderdag & vrijdag (28 november t/m 20 december),22.467037994677952
2025-11-25,magisch kids pakket_niet geldig op woensdag,21.72983740381303
2025-11-25,magisch vrijthof pakket_alle dagen geldig,22.02252447542477
2025-11-25,magisch vrijthof pakket_black friday deze deal vervalt op 24-11-23 23:59,20.235923401938898
2025-11-25,magisch vrijthof pakket_geldig op maandag  dinsdag  donderdag & vrijdag (28 november t/m 20 december),21.591775399838053
2025-11-25,magisch vrijthof pakket_geldig op woensdag  zaterdag & zondag (28 november t/m 20 december),17.751662814281303
2025-11-25,magisch vrijthof pakket_magisch vrijthof,21.296364983093838
2025-11-25,magisch vrijthof pakket_magisch vrijthof pakket,21.82096557841546
2025-11-25,magisch vrijthof pakket_niet geldig op woensdag,21.403909047308506
2025-11-25,magisch vrijthof pakket_weekend,21.606594257254365
2025-11-25,magisch vrijthof_magisch vrijthof,22.16092905378761
2025-11-25,magisch vrijthof_magisch vrijthof pakket,22.14531370468074
2025-11-25,magische fijnproevers_alle dagen geldig,18.74679791513969
2025-11-25,magische fijnproevers_geldig op maandag  dinsdag  donderdag & vrijdag (28 november t/m 20 december),20.047328346017455
2025-11-25,soort pakket_basis,20.065655644612235
2025-11-25,soort pakket_standaard,20.093340294158427
2025-11-26,carrousel (5 tickets)_5 tickets,26.18348802218252
2025-11-26,carrousel (5 tickets)_alle dagen geldig,20.0804889265967
2025-11-26,carrousel (5 tickets)_geldig op maandag  dinsdag  donderdag & vrijdag (28 november t/m 20 december),21.240658988423522
2025-11-26,kids pakket_alle dagen geldig,22.310334115306894
2025-11-26,kids pakket_magisch vrijthof pakket,22.176618340534247
2025-11-26,kids pakket_weekprijs (maandag t/m vrijdag & geldig t/m 22 december),30.172789458516093
2025-11-26,magisch kids pakket_5 tickets,25.553324703292592
2025-11-26,magisch kids pakket_alle dagen geldig,22.82146446337609
2025-11-26,magisch kids pakket_geldig op maandag  dinsdag  donderdag & vrijdag (28 november t/m 20 december),23.887060025371078
2025-11-26,magisch kids pakket_niet geldig op woensdag,23.771274917551953
2025-11-26,magisch vrijthof pakket_alle dagen geldig,22.305610393587774
2025-11-26,magisch vrijthof pakket_black friday deze deal vervalt op 24-11-23 23:59,20.241147774791575
2025-11-26,magisch vrijthof pakket_geldig op maandag  dinsdag  donderdag & vrijdag (28 november t/m 20 december),21.437032711231875
2025-11-26,magisch vrijthof pakket_geldig op woensdag  zaterdag & zondag (28 november t/m 20 december),21.886967898005434
2025-11-26,magisch vrijthof pakket_magisch vrijthof,22.082961334751893
2025-11-26,magisch vrijthof pakket_magisch vrijthof pakket,21.985018633510066
2025-11-26,magisch vrijthof pakket_niet geldig op woensdag,22.693462345795137
2025-11-26,magisch vrijthof pakket_weekend,22.855095830779884
2025-11-26,magisch vrijthof_magisch vrijthof,24.16045947800404
2025-11-26,magisch vrijthof_magisch vrijthof pakket,24.17511957375095
2025-11-26,magische fijnproevers_alle dagen geldig,21.844311188497212
2025-11-26,magische fijnproevers_geldig op maandag  dinsdag  donderdag & vrijdag (28 november t/m 20 december),22.413867224801997
2025-11-26,soort pakket_basis,22.43752146183995
2025-11-26,soort pakket_standaard,22.468478582272887
2025-11-27,carrousel (5 tickets)_5 tickets,25.799088332910937
2025-11-27,carrousel (5 tickets)_alle dagen geldig,19.68450665586475
2025-11-27,carrousel (5 tickets)_geldig op maandag  dinsdag  donderdag & vrijdag (28 november t/m 20 december),20.919310219031125
2025-11-27,kids pakket_alle dagen geldig,21.75128237350754
2025-11-27,kids pakket_magisch vrijthof pakket,21.63347217503505
2025-11-27,kids pakket_weekprijs (maandag t/m vrijdag & geldig t/m 22 december),29.534142765520755
2025-11-27,magisch kids pakket_5 tickets,24.321867172220053
2025-11-27,magisch kids pakket_alle dagen geldig,22.72502837776114
2025-11-27,magisch kids pakket_geldig op maandag  dinsdag  donderdag & vrijdag (28 november t/m 20 december),21.936435480682867
2025-11-27,magisch kids pakket_niet geldig op woensdag,22.121175413729922
2025-11-27,magisch vrijthof pakket_alle dagen geldig,22.074362582748503
2025-11-27,magisch vrijthof pakket_black friday deze deal vervalt op 24-11-23 23:59,23.758497479754062
2025-11-27,magisch vrijthof pakket_geldig op maandag  dinsdag  donderdag & vrijdag (28 november t/m 20 december),22.617812271105173
2025-11-27,magisch vrijthof pakket_geldig op woensdag  zaterdag & zondag (28 november t/m 20 december),21.861518598076543
2025-11-27,magisch vrijthof pakket_magisch vrijthof,24.887882288017952
2025-11-27,magisch vrijthof pakket_magisch vrijthof pakket,24.405681993039657
2025-11-27,magisch vrijthof pakket_niet geldig op woensdag,25.759490838297566
2025-11-27,magisch vrijthof pakket_weekend,25.851513796666172
2025-11-27,magisch vrijthof_magisch vrijthof,26.45470844738725
2025-11-27,magisch vrijthof_magisch vrijthof pakket,26.45299413317341
2025-11-27,magische fijnproevers_alle dagen geldig,24.461904876640062
2025-11-27,magische fijnproevers_geldig op maandag  dinsdag  donderdag & vrijdag (28 november t/m 20 december),24.71275500259052
2025-11-27,soort pakket_basis,24.7415838994618
2025-11-27,soort pakket_standaard,24.775719942240855
2025-11-28,carrousel (5 tickets)_5 tickets,24.68426782435645
2025-11-28,carrousel (5 tickets)_alle dagen geldig,18.61514142253809
2025-11-28,carrousel (5 tickets)_geldig op maandag  dinsdag  donderdag & vrijdag (28 november t/m 20 december),20.60862410021259
2025-11-28,kids pakket_alle dagen geldig,22.43930704024513
2025-11-28,kids pakket_magisch vrijthof pakket,22.66177034231785
2025-11-28,kids pakket_weekprijs (maandag t/m vrijdag & geldig t/m 22 december),26.495531123593175
2025-11-28,magisch kids pakket_5 tickets,22.056928028137346
2025-11-28,magisch kids pakket_alle dagen geldig,21.447067207547022
2025-11-28,magisch kids pakket_geldig op maandag  dinsdag  donderdag & vrijdag (28 november t/m 20 december),22.15213687300779
2025-11-28,magisch kids pakket_niet geldig op woensdag,21.827197278232653
2025-11-28,magisch vrijthof pakket_alle dagen geldig,21.680850673374376
2025-11-28,magisch vrijthof pakket_black friday deze deal vervalt op 24-11-23 23:59,24.779542670209565
2025-11-28,magisch vrijthof pakket_geldig op maandag  dinsdag  donderdag & vrijdag (28 november t/m 20 december),22.342216909765025
2025-11-28,magisch vrijthof pakket_geldig op woensdag  zaterdag & zondag (28 november t/m 20 december),22.442518187311073
2025-11-28,magisch vrijthof pakket_magisch vrijthof,22.560575652838615
2025-11-28,magisch vrijthof pakket_magisch vrijthof pakket,22.446452825498366
2025-11-28,magisch vrijthof pakket_niet geldig op woensdag,22.413657250866727
2025-11-28,magisch vrijthof pakket_weekend,23.81306202038469
2025-11-28,magisch vrijthof_magisch vrijthof,24.371236108785812
2025-11-28,magisch vrijthof_magisch vrijthof pakket,24.1423742669697
2025-11-28,magische fijnproevers_alle dagen geldig,26.219182223589023
2025-11-28,magische fijnproevers_geldig op maandag  dinsdag  donderdag & vrijdag (28 november t/m 20 december),26.739823463264493
2025-11-28,soort pakket_basis,26.7732151708324
2025-11-28,soort pakket_standaard,26.810154261802413
2025-12-01,carrousel (5 tickets)_5 tickets,29.106339102951253
2025-12-01,carrousel (5 tickets)_alle dagen geldig,28.62039027694631
2025-12-01,carrousel (5 tickets)_geldig op maandag  dinsdag  donderdag & vrijdag (28 november t/m 20 december),30.872739958908095
2025-12-01,kids pakket_alle dagen geldig,35.496946528854295
2025-12-01,kids pakket_magisch vrijthof pakket,39.51720319872914
2025-12-01,kids pakket_weekprijs (maandag t/m vrijdag & geldig t/m 22 december),40.376873163189344
2025-12-01,magisch kids pakket_5 tickets,40.214143930098004
2025-12-01,magisch kids pakket_alle dagen geldig,39.961209223368904
2025-12-01,magisch kids pakket_geldig op maandag  dinsdag  donderdag & vrijdag (28 november t/m 20 december),20.777303067689807
2025-12-01,magisch kids pakket_niet geldig op woensdag,25.267288946179185
2025-12-01,magisch vrijthof pakket_alle dagen geldig,22.11756563543517
2025-12-01,magisch vrijthof pakket_black friday deze deal vervalt op 24-11-23 23:59,20.22125535526565
2025-12-01,magisch vrijthof pakket_geldig op maandag  dinsdag  donderdag & vrijdag (28 november t/m 20 december),21.727133387712982
2025-12-01,magisch vrijthof pakket_geldig op woensdag  zaterdag & zondag (28 november t/m 20 december),29.342086156235226
2025-12-01,magisch vrijthof pakket_magisch vrijthof,22.387895236318478
2025-12-01,magisch vrijthof pakket_magisch vrijthof pakket,21.639456956952433
2025-12-01,magisch vrijthof pakket_niet geldig op woensdag,30.593605432978016
2025-12-01,magisch vrijthof pakket_weekend,30.896374395080723
2025-12-01,magisch vrijthof_magisch vrijthof,27.9384159374013
2025-12-01,magisch vrijthof_magisch vrijthof pakket,27.890780173944623
2025-12-01,magische fijnproevers_alle dagen geldig,42.67310064126383
2025-12-01,magische fijnproevers_geldig op maandag  dinsdag  donderdag & vrijdag (28 november t/m 20 december),42.47291297593817
2025-12-01,soort pakket_basis,42.569447851509075
2025-12-01,soort pakket_standaard,42.62818105544803
2025-12-02,carrousel (5 tickets)_5 tickets,29.8669447632255
2025-12-02,carrousel (5 tickets)_alle dagen geldig,29.161227477113076
2025-12-02,carrousel (5 tickets)_geldig op maandag  dinsdag  donderdag & vrijdag (28 november t/m 20 december),31.48213757392272
2025-12-02,kids pakket_alle dagen geldig,34.8432486302307
2025-12-02,kids pakket_magisch vrijthof pakket,38.53891663205784
2025-12-02,kids pakket_weekprijs (maandag t/m vrijdag & geldig t/m 22 december),39.50746611886954
2025-12-02,magisch kids pakket_5 tickets,39.493280088735716
2025-12-02,magisch kids pakket_alle dagen geldig,40.65171048871883
2025-12-02,magisch kids pakket_geldig op maandag  dinsdag  donderdag & vrijdag (28 november t/m 20 december),21.425234505937215
2025-12-02,magisch kids pakket_niet geldig op woensdag,24.935333851368917
2025-12-02,magisch vrijthof pakket_alle dagen geldig,21.786735834488802
2025-12-02,magisch vrijthof pakket_black friday deze deal vervalt op 24-11-23 23:59,19.6476097702651
2025-12-02,magisch vrijthof pakket_geldig op maandag  dinsdag  donderdag & vrijdag (28 november t/m 20 december),21.752089923293415
2025-12-02,magisch vrijthof pakket_geldig op woensdag  zaterdag & zondag (28 november t/m 20 december),22.895529975605694
2025-12-02,magisch vrijthof pakket_magisch vrijthof,22.36205733486097
2025-12-02,magisch vrijthof pakket_magisch vrijthof pakket,21.199964111011713
2025-12-02,magisch vrijthof pakket_niet geldig op woensdag,32.89496300216578
2025-12-02,magisch vrijthof pakket_weekend,33.05244777943257
2025-12-02,magisch vrijthof_magisch vrijthof,29.894229795941936
2025-12-02,magisch vrijthof_magisch vrijthof pakket,29.8489631015146
2025-12-02,magische fijnproevers_alle dagen geldig,40.65592738788998
2025-12-02,magische fijnproevers_geldig op maandag  dinsdag  donderdag & vrijdag (28 november t/m 20 december),40.51986267527296
2025-12-02,soort pakket_basis,40.597626780636766
2025-12-02,soort pakket_standaard,40.65363945671051
2025-12-03,carrousel (5 tickets)_5 tickets,25.176863889381725
2025-12-03,carrousel (5 tickets)_alle dagen geldig,21.745141324652554
2025-12-03,carrousel (5 tickets)_geldig op maandag  dinsdag  donderdag & vrijdag (28 november t/m 20 december),24.10850434082825
2025-12-03,kids pakket_alle dagen geldig,24.252335937020845
2025-12-03,kids pakket_magisch vrijthof pakket,26.690951803630828
2025-12-03,kids pakket_weekprijs (maandag t/m vrijdag & geldig t/m 22 december),32.36876150881751
2025-12-03,magisch kids pakket_5 tickets,29.371291154225908
2025-12-03,magisch kids pakket_alle dagen geldig,28.066893005124115
2025-12-03,magisch kids pakket_geldig op maandag  dinsdag  donderdag & vrijdag (28 november t/m 20 december),22.616281591626958
2025-12-03,magisch kids pakket_niet geldig op woensdag,26.550446690883597
2025-12-03,magisch vrijthof pakket_alle dagen geldig,22.585298384168826
2025-12-03,magisch vrijthof pakket_black friday deze deal vervalt op 24-11-23 23:59,20.695109032246133
2025-12-03,magisch vrijthof pakket_geldig op maandag  dinsdag  donderdag & vrijdag (28 november t/m 20 december),21.438235874781697
2025-12-03,magisch vrijthof pakket_geldig op woensdag  zaterdag & zondag (28 november t/m 20 december),21.723242261090807
2025-12-03,magisch vrijthof pakket_magisch vrijthof,22.87666680699096
2025-12-03,magisch vrijthof pakket_magisch vrijthof pakket,22.42048431918017
2025-12-03,magisch vrijthof pakket_niet geldig op woensdag,34.76545754711371
2025-12-03,magisch vrijthof pakket_weekend,34.946498869575926
2025-12-03,magisch vrijthof_magisch vrijthof,31.846832353953292
2025-12-03,magisch vrijthof_magisch vrijthof pakket,31.866342202378583
2025-12-03,magische fijnproevers_alle dagen geldig,42.79910979067722
2025-12-03,magische fijnproevers_geldig op maandag  dinsdag  donderdag & vrijdag (28 november t/m 20 december),42.64829096793659
2025-12-03,soort pakket_basis,42.731178231000364
2025-12-03,soort pakket_standaard,42.790134574863394
2025-12-04,carrousel (5 tickets)_5 tickets,23.993900366269017
2025-12-04,carrousel (5 tickets)_alle dagen geldig,17.828620955970475
2025-12-04,carrousel (5 tickets)_geldig op maandag  dinsdag  donderdag & vrijdag (28 november t/m 20 december),20.80681138612011
2025-12-04,kids pakket_alle dagen geldig,18.052496317598365
2025-12-04,kids pakket_magisch vrijthof pakket,19.377305602081883
2025-12-04,kids pakket_weekprijs (maandag t/m vrijdag & geldig t/m 22 december),23.076318807944595
2025-12-04,magisch kids pakket_5 tickets,20.145260690580276
2025-12-04,magisch kids pakket_alle dagen geldig,20.60613867585313
2025-12-04,magisch kids pakket_geldig op maandag  dinsdag  donderdag & vrijdag (28 november t/m 20 december),21.18715363261259
2025-12-04,magisch kids pakket_niet geldig op woensdag,23.065773328086927
2025-12-04,magisch vrijthof pakket_alle dagen geldig,20.530786531450275
2025-12-04,magisch vrijthof pakket_black friday deze deal vervalt op 24-11-23 23:59,23.385974107088042
2025-12-04,magisch vrijthof pakket_geldig op maandag  dinsdag  donderdag & vrijdag (28 november t/m 20 december),21.137169354239955
2025-12-04,magisch vrijthof pakket_geldig op woensdag  zaterdag & zondag (28 november t/m 20 december),21.700315825899924
2025-12-04,magisch vrijthof pakket_magisch vrijthof,22.05596457716433
2025-12-04,magisch vrijthof pakket_magisch vrijthof pakket,21.17809969166016
2025-12-04,magisch vrijthof pakket_niet geldig op woensdag,24.468628491607387
2025-12-04,magisch vrijthof pakket_weekend,24.037673737522237
2025-12-04,magisch vrijthof_magisch vrijthof,21.654343010121902
2025-12-04,magisch vrijthof_magisch vrijthof pakket,21.713220847635515
2025-12-04,magische fijnproevers_alle dagen geldig,32.177267872962226
2025-12-04,magische fijnproevers_geldig op maandag  dinsdag  donderdag & vrijdag (28 november t/m 20 december),32.99297176029754
2025-12-04,soort pakket_basis,33.05261853031075
2025-12-04,soort pakket_standaard,33.09822133426604
2025-12-05,carrousel (5 tickets)_5 tickets,27.495429231994287
2025-12-05,carrousel (5 tickets)_alle dagen geldig,20.735004179238175
2025-12-05,carrousel (5 tickets)_geldig op maandag  dinsdag  donderdag & vrijdag (28 november t/m 20 december),25.010441886730714
2025-12-05,kids pakket_alle dagen geldig,24.41369984000907
2025-12-05,kids pakket_magisch vrijthof pakket,21.24683791687851
2025-12-05,kids pakket_weekprijs (maandag t/m vrijdag & geldig t/m 22 december),22.513165483359053
2025-12-05,magisch kids pakket_5 tickets,20.533985622331134
2025-12-05,magisch kids pakket_alle dagen geldig,22.439498444183286
2025-12-05,magisch kids pakket_geldig op maandag  dinsdag  donderdag & vrijdag (28 november t/m 20 december),22.63332695672121
2025-12-05,magisch kids pakket_niet geldig op woensdag,24.23942982021561
2025-12-05,magisch vrijthof pakket_alle dagen geldig,21.094680112501237
2025-12-05,magisch vrijthof pakket_black friday deze deal vervalt op 24-11-23 23:59,22.528791292358715
2025-12-05,magisch vrijthof pakket_geldig op maandag  dinsdag  donderdag & vrijdag (28 november t/m 20 december),21.734570244552888
2025-12-05,magisch vrijthof pakket_geldig op woensdag  zaterdag & zondag (28 november t/m 20 december),23.829355616634853
2025-12-05,magisch vrijthof pakket_magisch vrijthof,21.878166494128564
2025-12-05,magisch vrijthof pakket_magisch vrijthof pakket,21.510472036157168
2025-12-05,magisch vrijthof pakket_niet geldig op woensdag,21.274321576953813
2025-12-05,magisch vrijthof pakket_weekend,20.945688698525643
2025-12-05,magisch vrijthof_magisch vrijthof,22.16888416748337
2025-12-05,magisch vrijthof_magisch vrijthof pakket,22.218581951511037
2025-12-05,magische fijnproevers_alle dagen geldig,20.602976577508716
2025-12-05,magische fijnproevers_geldig op maandag  dinsdag  donderdag & vrijdag (28 november t/m 20 december),21.20392625570456
2025-12-05,soort pakket_basis,21.23519788439291
2025-12-05,soort pakket_standaard,21.264496155124036
2025-12-08,carrousel (5 tickets)_5 tickets,25.271136161837877
2025-12-08,carrousel (5 tickets)_alle dagen geldig,17.13770040038206
2025-12-08,carrousel (5 tickets)_geldig op maandag  dinsdag  donderdag & vrijdag (28 november t/m 20 december),20.571967012985507
2025-12-08,kids pakket_alle dagen geldig,22.503200734654737
2025-12-08,kids pakket_magisch vrijthof pakket,24.065959274052318
2025-12-08,kids pakket_weekprijs (maandag t/m vrijdag & geldig t/m 22 december),23.392041847822643
2025-12-08,magisch kids pakket_5 tickets,23.40439270484859
2025-12-08,magisch kids pakket_alle dagen geldig,21.977883242491945
2025-12-08,magisch kids pakket_geldig op maandag  dinsdag  donderdag & vrijdag (28 november t/m 20 december),22.778728233383696
2025-12-08,magisch kids pakket_niet geldig op woensdag,25.202086705855017
2025-12-08,magisch vrijthof pakket_alle dagen geldig,22.424910285670947
2025-12-08,magisch vrijthof pakket_black friday deze deal vervalt op 24-11-23 23:59,22.438194356512216
2025-12-08,magisch vrijthof pakket_geldig op maandag  dinsdag  donderdag & vrijdag (28 november t/m 20 december),22.123469468640064
2025-12-08,magisch vrijthof pakket_geldig op woensdag  zaterdag & zondag (28 november t/m 20 december),33.00777758571698
2025-12-08,magisch vrijthof pakket_magisch vrijthof,20.802203507527487
2025-12-08,magisch vrijthof pakket_magisch vrijthof pakket,19.263621235023354
2025-12-08,magisch vrijthof pakket_niet geldig op woensdag,20.713376226046947
2025-12-08,magisch vrijthof pakket_weekend,20.099827845660965
2025-12-08,magisch vrijthof_magisch vrijthof,21.950708521149224
2025-12-08,magisch vrijthof_magisch vrijthof pakket,22.013284905297933
2025-12-08,magische fijnproevers_alle dagen geldig,22.820293674858632
2025-12-08,magische fijnproevers_geldig op maandag  dinsdag  donderdag & vrijdag (28 november t/m 20 december),23.511521836580368
2025-12-08,soort pakket_basis,23.578432466684568
2025-12-08,soort pakket_standaard,23.61096370569564
2025-12-09,carrousel (5 tickets)_5 tickets,23.563000925805383
2025-12-09,carrousel (5 tickets)_alle dagen geldig,16.58299907488383
2025-12-09,carrousel (5 tickets)_geldig op maandag  dinsdag  donderdag & vrijdag (28 november t/m 20 december),19.460457193558824
2025-12-09,kids pakket_alle dagen geldig,20.3587724675354
2025-12-09,kids pakket_magisch vrijthof pakket,21.63207044367338
2025-12-09,kids pakket_weekprijs (maandag t/m vrijdag & geldig t/m 22 december),21.140085856850273
2025-12-09,magisch kids pakket_5 tickets,21.218141683555473
2025-12-09,magisch kids pakket_alle dagen geldig,20.876081282037088
2025-12-09,magisch kids pakket_geldig op maandag  dinsdag  donderdag & vrijdag (28 november t/m 20 december),22.09996161944366
2025-12-09,magisch kids pakket_niet geldig op woensdag,23.822193191102446
2025-12-09,magisch vrijthof pakket_alle dagen geldig,20.700361611884198
2025-12-09,magisch vrijthof pakket_black friday deze deal vervalt op 24-11-23 23:59,22.626656623594403
2025-12-09,magisch vrijthof pakket_geldig op maandag  dinsdag  donderdag & vrijdag (28 november t/m 20 december),22.341767419907708
2025-12-09,magisch vrijthof pakket_geldig op woensdag  zaterdag & zondag (28 november t/m 20 december),28.67327415854819
2025-12-09,magisch vrijthof pakket_magisch vrijthof,21.89332300247875
2025-12-09,magisch vrijthof pakket_magisch vrijthof pakket,20.065064700120345
2025-12-09,magisch vrijthof pakket_niet geldig op woensdag,21.766304492349732
2025-12-09,magisch vrijthof pakket_weekend,21.057119846264694
2025-12-09,magisch vrijthof_magisch vrijthof,22.894452312499272
2025-12-09,magisch vrijthof_magisch vrijthof pakket,22.966386026469948
2025-12-09,magische fijnproevers_alle dagen geldig,19.778741053095484
2025-12-09,magische fijnproevers_geldig op maandag  dinsdag  donderdag & vrijdag (28 november t/m 20 december),20.474894470588247
2025-12-09,soort pakket_basis,20.522630234738003
2025-12-09,soort pakket_standaard,20.550945373594043
2025-12-10,carrousel (5 tickets)_5 tickets,22.79573979794732
2025-12-10,carrousel (5 tickets)_alle dagen geldig,16.675151682303923
2025-12-10,carrousel (5 tickets)_geldig op maandag  dinsdag  donderdag & vrijdag (28 november t/m 20 december),19.007801423790088
2025-12-10,kids pakket_alle dagen geldig,19.59793457245653
2025-12-10,kids pakket_magisch vrijthof pakket,21.01390593342872
2025-12-10,kids pakket_weekprijs (maandag t/m vrijdag & geldig t/m 22 december),25.04814838253597
2025-12-10,magisch kids pakket_5 tickets,22.52310258979564
2025-12-10,magisch kids pakket_alle dagen geldig,20.455158607110405
2025-12-10,magisch kids pakket_geldig op maandag  dinsdag  donderdag & vrijdag (28 november t/m 20 december),22.454887478616723
2025-12-10,magisch kids pakket_niet geldig op woensdag,31.579358727600564
2025-12-10,magisch vrijthof pakket_alle dagen geldig,26.844720955213877
2025-12-10,magisch vrijthof pakket_black friday deze deal vervalt op 24-11-23 23:59,19.189614268396436
2025-12-10,magisch vrijthof pakket_geldig op maandag  dinsdag  donderdag & vrijdag (28 november t/m 20 december),21.430207992292825
2025-12-10,magisch vrijthof pakket_geldig op woensdag  zaterdag & zondag (28 november t/m 20 december),26.020500751352927
2025-12-10,magisch vrijthof pakket_magisch vrijthof,19.513947900490475
2025-12-10,magisch vrijthof pakket_magisch vrijthof pakket,19.609661299420054
2025-12-10,magisch vrijthof pakket_niet geldig op woensdag,22.21757305168073
2025-12-10,magisch vrijthof pakket_weekend,21.206227931749915
2025-12-10,magisch vrijthof_magisch vrijthof,23.121670238270895
2025-12-10,magisch vrijthof_magisch vrijthof pakket,23.21727440289701
2025-12-10,magische fijnproevers_alle dagen geldig,22.7002273187293
2025-12-10,magische fijnproevers_geldig op maandag  dinsdag  donderdag & vrijdag (28 november t/m 20 december),23.408628613953038
2025-12-10,soort pakket_basis,23.464241757294477
2025-12-10,soort pakket_standaard,23.496615447017007
2025-12-11,carrousel (5 tickets)_5 tickets,23.778616626909113
2025-12-11,carrousel (5 tickets)_alle dagen geldig,17.993063003962355
2025-12-11,carrousel (5 tickets)_geldig op maandag  dinsdag  donderdag & vrijdag (28 november t/m 20 december),21.324965841958235
2025-12-11,kids pakket_alle dagen geldig,21.019680571103116
2025-12-11,kids pakket_magisch vrijthof pakket,22.33287719059812
2025-12-11,kids pakket_weekprijs (maandag t/m vrijdag & geldig t/m 22 december),24.133444983617228
2025-12-11,magisch kids pakket_5 tickets,20.99314940316392
2025-12-11,magisch kids pakket_alle dagen geldig,22.136115303333465
2025-12-11,magisch kids pakket_geldig op maandag  dinsdag  donderdag & vrijdag (28 november t/m 20 december),23.251757275046696
2025-12-11,magisch kids pakket_niet geldig op woensdag,25.28396866833397
2025-12-11,magisch vrijthof pakket_alle dagen geldig,21.257241762180527
2025-12-11,magisch vrijthof pakket_black friday deze deal vervalt op 24-11-23 23:59,21.432331972362626
2025-12-11,magisch vrijthof pakket_geldig op maandag  dinsdag  donderdag & vrijdag (28 november t/m 20 december),21.615885959661068
2025-12-11,magisch vrijthof pakket_geldig op woensdag  zaterdag & zondag (28 november t/m 20 december),22.37660762604799
2025-12-11,magisch vrijthof pakket_magisch vrijthof,21.693364535162058
2025-12-11,magisch vrijthof pakket_magisch vrijthof pakket,21.463465149674033
2025-12-11,magisch vrijthof pakket_niet geldig op woensdag,23.97770663172831
2025-12-11,magisch vrijthof pakket_weekend,22.931619315297638
2025-12-11,magisch vrijthof_magisch vrijthof,24.087876187718653
2025-12-11,magisch vrijthof_magisch vrijthof pakket,24.16172594426285
2025-12-11,magische fijnproevers_alle dagen geldig,22.390246346326396
2025-12-11,magische fijnproevers_geldig op maandag  dinsdag  donderdag & vrijdag (28 november t/m 20 december),23.097229544255956
2025-12-11,soort pakket_basis,23.152006548931766
2025-12-11,soort pakket_standaard,23.183949446734374
2025-12-12,carrousel (5 tickets)_5 tickets,22.436234973216735
2025-12-12,carrousel (5 tickets)_alle dagen geldig,16.366367406179325
2025-12-12,carrousel (5 tickets)_geldig op maandag  dinsdag  donderdag & vrijdag (28 november t/m 20 december),20.19522756556236
2025-12-12,kids pakket_alle dagen geldig,22.15980488759096
2025-12-12,kids pakket_magisch vrijthof pakket,21.693080076172645
2025-12-12,kids pakket_weekprijs (maandag t/m vrijdag & geldig t/m 22 december),20.75814430988152
2025-12-12,magisch kids pakket_5 tickets,18.699018691257322
2025-12-12,magisch kids pakket_alle dagen geldig,21.097210942209838
2025-12-12,magisch kids pakket_geldig op maandag  dinsdag  donderdag & vrijdag (28 november t/m 20 december),21.682516670048233
2025-12-12,magisch kids pakket_niet geldig op woensdag,24.68967637462759
2025-12-12,magisch vrijthof pakket_alle dagen geldig,22.014196094488227
2025-12-12,magisch vrijthof pakket_black friday deze deal vervalt op 24-11-23 23:59,21.595556603979333
2025-12-12,magisch vrijthof pakket_geldig op maandag  dinsdag  donderdag & vrijdag (28 november t/m 20 december),21.67643040322137
2025-12-12,magisch vrijthof pakket_geldig op woensdag  zaterdag & zondag (28 november t/m 20 december),22.155864448866783
2025-12-12,magisch vrijthof pakket_magisch vrijthof,22.316348674306187
2025-12-12,magisch vrijthof pakket_magisch vrijthof pakket,22.4493203033159
2025-12-12,magisch vrijthof pakket_niet geldig op woensdag,23.462839119133427
2025-12-12,magisch vrijthof pakket_weekend,23.658661293037166
2025-12-12,magisch vrijthof_magisch vrijthof,22.207486869191243
2025-12-12,magisch vrijthof_magisch vrijthof pakket,22.108524177246398
2025-12-12,magische fijnproevers_alle dagen geldig,25.07680669433712
2025-12-12,magische fijnproevers_geldig op maandag  dinsdag  donderdag & vrijdag (28 november t/m 20 december),25.641352572995977
2025-12-12,soort pakket_basis,25.70296013743412
2025-12-12,soort pakket_standaard,25.738422594096765
2025-12-15,carrousel (5 tickets)_5 tickets,23.305734078820095
2025-12-15,carrousel (5 tickets)_alle dagen geldig,21.513576796466012
2025-12-15,carrousel (5 tickets)_geldig op maandag  dinsdag  donderdag & vrijdag (28 november t/m 20 december),22.761554936878873
2025-12-15,kids pakket_alle dagen geldig,21.865954904864964
2025-12-15,kids pakket_magisch vrijthof pakket,22.848310710578215
2025-12-15,kids pakket_weekprijs (maandag t/m vrijdag & geldig t/m 22 december),22.170967911311386
2025-12-15,magisch kids pakket_5 tickets,22.15010513128463
2025-12-15,magisch kids pakket_alle dagen geldig,21.876990352148418
2025-12-15,magisch kids pakket_geldig op maandag  dinsdag  donderdag & vrijdag (28 november t/m 20 december),21.58120190817797
2025-12-15,magisch kids pakket_niet geldig op woensdag,26.026189125934966
2025-12-15,magisch vrijthof pakket_alle dagen geldig,21.267646500975786
2025-12-15,magisch vrijthof pakket_black friday deze deal vervalt op 24-11-23 23:59,21.887098708971298
2025-12-15,magisch vrijthof pakket_geldig op maandag  dinsdag  donderdag & vrijdag (28 november t/m 20 december),21.372992671699045
2025-12-15,magisch vrijthof pakket_geldig op woensdag  zaterdag & zondag (28 november t/m 20 december),27.853618201742535
2025-12-15,magisch vrijthof pakket_magisch vrijthof,21.714678703759756
2025-12-15,magisch vrijthof pakket_magisch vrijthof pakket,20.977330679276882
2025-12-15,magisch vrijthof pakket_niet geldig op woensdag,21.94104827840987
2025-12-15,magisch vrijthof pakket_weekend,21.15962801084617
2025-12-15,magisch vrijthof_magisch vrijthof,21.519244053286968
2025-12-15,magisch vrijthof_magisch vrijthof pakket,21.544623721079915
2025-12-15,magische fijnproevers_alle dagen geldig,21.94105814829562
2025-12-15,magische fijnproevers_geldig op maandag  dinsdag  donderdag & vrijdag (28 november t/m 20 december),22.63030274809021
2025-12-15,soort pakket_basis,22.69470554714542
2025-12-15,soort pakket_standaard,22.726017505286965
2025-12-16,carrousel (5 tickets)_5 tickets,23.319186184416193
2025-12-16,carrousel (5 tickets)_alle dagen geldig,21.314247909865433
2025-12-16,carrousel (5 tickets)_geldig op maandag  dinsdag  donderdag & vrijdag (28 november t/m 20 december),22.5893188943265
2025-12-16,kids pakket_alle dagen geldig,20.509048260115225
2025-12-16,kids pakket_magisch vrijthof pakket,21.34186437197378
2025-12-16,kids pakket_weekprijs (maandag t/m vrijdag & geldig t/m 22 december),20.730143708582098
2025-12-16,magisch kids pakket_5 tickets,20.60141571432891
2025-12-16,magisch kids pakket_alle dagen geldig,20.923366487538818
2025-12-16,magisch kids pakket_geldig op maandag  dinsdag  donderdag & vrijdag (28 november t/m 20 december),20.51199463677536
2025-12-16,magisch kids pakket_niet geldig op woensdag,23.837963488623473
2025-12-16,magisch vrijthof pakket_alle dagen geldig,21.17528391225195
2025-12-16,magisch vrijthof pakket_black friday deze deal vervalt op 24-11-23 23:59,22.398390972607448
2025-12-16,magisch vrijthof pakket_geldig op maandag  dinsdag  donderdag & vrijdag (28 november t/m 20 december),21.64034221356267
2025-12-16,magisch vrijthof pakket_geldig op woensdag  zaterdag & zondag (28 november t/m 20 december),20.0390608950396
2025-12-16,magisch vrijthof pakket_magisch vrijthof,20.94812993251205
2025-12-16,magisch vrijthof pakket_magisch vrijthof pakket,20.66102973325752
2025-12-16,magisch vrijthof pakket_niet geldig op woensdag,21.82284769115515
2025-12-16,magisch vrijthof pakket_weekend,20.974226584464343
2025-12-16,magisch vrijthof_magisch vrijthof,21.118504536742833
2025-12-16,magisch vrijthof_magisch vrijthof pakket,21.16463644829229
2025-12-16,magische fijnproevers_alle dagen geldig,19.938060374063646
2025-12-16,magische fijnproevers_geldig op maandag  dinsdag  donderdag & vrijdag (28 november t/m 20 december),20.647240779355034
2025-12-16,soort pakket_basis,20.695439311144963
2025-12-16,soort pakket_standaard,20.72399287523881
2025-12-17,carrousel (5 tickets)_5 tickets,24.260439560720055
2025-12-17,carrousel (5 tickets)_alle dagen geldig,22.39503468613569
2025-12-17,carrousel (5 tickets)_geldig op maandag  dinsdag  donderdag & vrijdag (28 november t/m 20 december),23.245201513718825
2025-12-17,kids pakket_alle dagen geldig,22.05433458055513
2025-12-17,kids pakket_magisch vrijthof pakket,22.709722289643704
2025-12-17,kids pakket_weekprijs (maandag t/m vrijdag & geldig t/m 22 december),26.9009720679878
2025-12-17,magisch kids pakket_5 tickets,24.078846216294625
2025-12-17,magisch kids pakket_alle dagen geldig,22.11455670788488
2025-12-17,magisch kids pakket_geldig op maandag  dinsdag  donderdag & vrijdag (28 november t/m 20 december),23.54052707077478
2025-12-17,magisch kids pakket_niet geldig op woensdag,23.302018024219016
2025-12-17,magisch vrijthof pakket_alle dagen geldig,21.12062862969791
2025-12-17,magisch vrijthof pakket_black friday deze deal vervalt op 24-11-23 23:59,22.737507010861474
2025-12-17,magisch vrijthof pakket_geldig op maandag  dinsdag  donderdag & vrijdag (28 november t/m 20 december),22.08198548946861
2025-12-17,magisch vrijthof pakket_geldig op woensdag  zaterdag & zondag (28 november t/m 20 december),22.54990870121828
2025-12-17,magisch vrijthof pakket_magisch vrijthof,22.80858948120958
2025-12-17,magisch vrijthof pakket_magisch vrijthof pakket,22.183674212985935
2025-12-17,magisch vrijthof pakket_niet geldig op woensdag,23.764283798111478
2025-12-17,magisch vrijthof pakket_weekend,22.752518638040552
2025-12-17,magisch vrijthof_magisch vrijthof,23.034065027951286
2025-12-17,magisch vrijthof_magisch vrijthof pakket,23.106922072752937
2025-12-17,magische fijnproevers_alle dagen geldig,23.89277793626402
2025-12-17,magische fijnproevers_geldig op maandag  dinsdag  donderdag & vrijdag (28 november t/m 20 december),24.6196738184598
2025-12-17,soort pakket_basis,24.678538743260628
2025-12-17,soort pakket_standaard,24.712587802435163
2025-12-18,carrousel (5 tickets)_5 tickets,24.157639334553078
2025-12-18,carrousel (5 tickets)_alle dagen geldig,21.987569876887047
2025-12-18,carrousel (5 tickets)_geldig op maandag  dinsdag  donderdag & vrijdag (28 november t/m 20 december),22.63008219093356
2025-12-18,kids pakket_alle dagen geldig,20.71731653716637
2025-12-18,kids pakket_magisch vrijthof pakket,21.033603543256007
2025-12-18,kids pakket_weekprijs (maandag t/m vrijdag & geldig t/m 22 december),22.7502759435147
2025-12-18,magisch kids pakket_5 tickets,19.5803024920013
2025-12-18,magisch kids pakket_alle dagen geldig,21.353764082636292
2025-12-18,magisch kids pakket_geldig op maandag  dinsdag  donderdag & vrijdag (28 november t/m 20 december),18.987485308315605
2025-12-18,magisch kids pakket_niet geldig op woensdag,21.640415994570457
2025-12-18,magisch vrijthof pakket_alle dagen geldig,21.150591564643875
2025-12-18,magisch vrijthof pakket_black friday deze deal vervalt op 24-11-23 23:59,21.607006936667858
2025-12-18,magisch vrijthof pakket_geldig op maandag  dinsdag  donderdag & vrijdag (28 november t/m 20 december),21.370538262576062
2025-12-18,magisch vrijthof pakket_geldig op woensdag  zaterdag & zondag (28 november t/m 20 december),24.584523773112274
2025-12-18,magisch vrijthof pakket_magisch vrijthof,23.189203003345558
2025-12-18,magisch vrijthof pakket_magisch vrijthof pakket,21.630276458538265
2025-12-18,magisch vrijthof pakket_niet geldig op woensdag,23.8135194441393
2025-12-18,magisch vrijthof pakket_weekend,22.82868617274568
2025-12-18,magisch vrijthof_magisch vrijthof,23.2569054875218
2025-12-18,magisch vrijthof_magisch vrijthof pakket,23.361241144203344
2025-12-18,magische fijnproevers_alle dagen geldig,23.795850257731512
2025-12-18,magische fijnproevers_geldig op maandag  dinsdag  donderdag & vrijdag (28 november t/m 20 december),24.522284488116217
2025-12-18,soort pakket_basis,24.580887912506007
2025-12-18,soort pakket_standaard,24.614802242515683
2025-12-19,carrousel (5 tickets)_5 tickets,23.651171235693976
2025-12-19,carrousel (5 tickets)_alle dagen geldig,22.709216348902043
2025-12-19,carrousel (5 tickets)_geldig op maandag  dinsdag  donderdag & vrijdag (28 november t/m 20 december),24.57061090904394
2025-12-19,kids pakket_alle dagen geldig,25.466346008166393
2025-12-19,kids pakket_magisch vrijthof pakket,21.50891871828177
2025-12-19,kids pakket_weekprijs (maandag t/m vrijdag & geldig t/m 22 december),20.603416404575064
2025-12-19,magisch kids pakket_5 tickets,18.84937867207111
2025-12-19,magisch kids pakket_alle dagen geldig,22.052168121077774
2025-12-19,magisch kids pakket_geldig op maandag  dinsdag  donderdag & vrijdag (28 november t/m 20 december),21.16555342187659
2025-12-19,magisch kids pakket_niet geldig op woensdag,21.727761592108784
2025-12-19,magisch vrijthof pakket_alle dagen geldig,21.337797374584017
2025-12-19,magisch vrijthof pakket_black friday deze deal vervalt op 24-11-23 23:59,21.485883276731002
2025-12-19,magisch vrijthof pakket_geldig op maandag  dinsdag  donderdag & vrijdag (28 november t/m 20 december),21.703059384163232
2025-12-19,magisch vrijthof pakket_geldig op woensdag  zaterdag & zondag (28 november t/m 20 december),21.41652342228069
2025-12-19,magisch vrijthof pakket_magisch vrijthof,20.70638626477854
2025-12-19,magisch vrijthof pakket_magisch vrijthof pakket,19.76901934520539
2025-12-19,magisch vrijthof pakket_niet geldig op woensdag,20.020345865347412
2025-12-19,magisch vrijthof pakket_weekend,20.652182788934475
2025-12-19,magisch vrijthof_magisch vrijthof,19.202850654681473
2025-12-19,magisch vrijthof_magisch vrijthof pakket,19.051576253232252
2025-12-19,magische fijnproevers_alle dagen geldig,25.400460031423194
2025-12-19,magische fijnproevers_geldig op maandag  dinsdag  donderdag & vrijdag (28 november t/m 20 december),25.979067739578742
2025-12-19,soort pakket_basis,26.04158210090373
2025-12-19,soort pakket_standaard,26.077511755377067
2025-12-22,carrousel (5 tickets)_5 tickets,24.770593325400206
2025-12-22,carrousel (5 tickets)_alle dagen geldig,22.57628344768337
2025-12-22,carrousel (5 tickets)_geldig op maandag  dinsdag  donderdag & vrijdag (28 november t/m 20 december),19.642346017877266
2025-12-22,kids pakket_alle dagen geldig,18.091080542019206
2025-12-22,kids pakket_magisch vrijthof pakket,21.496704289149854
2025-12-22,kids pakket_weekprijs (maandag t/m vrijdag & geldig t/m 22 december),24.5892730745472
2025-12-22,magisch kids pakket_5 tickets,21.162679379301068
2025-12-22,magisch kids pakket_alle dagen geldig,21.362512053413802
2025-12-22,magisch kids pakket_geldig op maandag  dinsdag  donderdag & vrijdag (28 november t/m 20 december),23.03135844773957
2025-12-22,magisch kids pakket_niet geldig op woensdag,21.138967536527236
2025-12-22,magisch vrijthof pakket_alle dagen geldig,21.402205202370883
2025-12-22,magisch vrijthof pakket_black friday deze deal vervalt op 24-11-23 23:59,21.469723599917295
2025-12-22,magisch vrijthof pakket_geldig op maandag  dinsdag  donderdag & vrijdag (28 november t/m 20 december),21.465892964429383
2025-12-22,magisch vrijthof pakket_geldig op woensdag  zaterdag & zondag (28 november t/m 20 december),25.275171296000572
2025-12-22,magisch vrijthof pakket_magisch vrijthof,20.778301179729684
2025-12-22,magisch vrijthof pakket_magisch vrijthof pakket,20.43975828637191
2025-12-22,magisch vrijthof pakket_niet geldig op woensdag,20.3404044593631
2025-12-22,magisch vrijthof pakket_weekend,21.022122583122407
2025-12-22,magisch vrijthof_magisch vrijthof,20.702215429399583
2025-12-22,magisch vrijthof_magisch vrijthof pakket,20.698919782458113
2025-12-22,magische fijnproevers_alle dagen geldig,25.684964885426787
2025-12-22,magische fijnproevers_geldig op maandag  dinsdag  donderdag & vrijdag (28 november t/m 20 december),25.51654601951613
2025-12-22,soort pakket_basis,25.589162678876406
2025-12-22,soort pakket_standaard,25.624468128819945
2025-12-23,carrousel (5 tickets)_5 tickets,26.874403435299197
2025-12-23,carrousel (5 tickets)_alle dagen geldig,24.47623556666993
2025-12-23,carrousel (5 tickets)_geldig op maandag  dinsdag  donderdag & vrijdag (28 november t/m 20 december),21.462316174980206
2025-12-23,kids pakket_alle dagen geldig,19.725627980549135
2025-12-23,kids pakket_magisch vrijthof pakket,21.80223592150357
2025-12-23,kids pakket_weekprijs (maandag t/m vrijdag & geldig t/m 22 december),25.739536894669303
2025-12-23,magisch kids pakket_5 tickets,21.88953703173946
2025-12-23,magisch kids pakket_alle dagen geldig,21.240607733326065
2025-12-23,magisch kids pakket_geldig op maandag  dinsdag  donderdag & vrijdag (28 november t/m 20 december),21.957156193236845
2025-12-23,magisch kids pakket_niet geldig op woensdag,19.336612980339094
2025-12-23,magisch vrijthof pakket_alle dagen geldig,21.21850952521647
2025-12-23,magisch vrijthof pakket_black friday deze deal vervalt op 24-11-23 23:59,21.997250146484316
2025-12-23,magisch vrijthof pakket_geldig op maandag  dinsdag  donderdag & vrijdag (28 november t/m 20 december),21.695036597434072
2025-12-23,magisch vrijthof pakket_geldig op woensdag  zaterdag & zondag (28 november t/m 20 december),19.225840584195723
2025-12-23,magisch vrijthof pakket_magisch vrijthof,20.623802513230423
2025-12-23,magisch vrijthof pakket_magisch vrijthof pakket,20.932496762615752
2025-12-23,magisch vrijthof pakket_niet geldig op woensdag,20.868282967204493
2025-12-23,magisch vrijthof pakket_weekend,21.58189485149725
2025-12-23,magisch vrijthof_magisch vrijthof,20.854626384793132
2025-12-23,magisch vrijthof_magisch vrijthof pakket,20.856354593892142
2025-12-23,magische fijnproevers_alle dagen geldig,22.477964814961016
2025-12-23,magische fijnproevers_geldig op maandag  dinsdag  donderdag & vrijdag (28 november t/m 20 december),22.364405888769937
2025-12-23,soort pakket_basis,22.417214544110614
2025-12-23,soort pakket_standaard,22.448143647023933
2025-12-24,carrousel (5 tickets)_5 tickets,27.318608042613842
2025-12-24,carrousel (5 tickets)_alle dagen geldig,25.404380713449108
2025-12-24,carrousel (5 tickets)_geldig op maandag  dinsdag  donderdag & vrijdag (28 november t/m 20 december),22.34737821929191
2025-12-24,kids pakket_alle dagen geldig,22.8405998469877
2025-12-24,kids pakket_magisch vrijthof pakket,21.303626861776245
2025-12-24,kids pakket_weekprijs (maandag t/m vrijdag & geldig t/m 22 december),30.37191331114743
2025-12-24,magisch kids pakket_5 tickets,23.35037124951522
2025-12-24,magisch kids pakket_alle dagen geldig,20.878527523727566
2025-12-24,magisch kids pakket_geldig op maandag  dinsdag  donderdag & vrijdag (28 november t/m 20 december),22.55582912614588
2025-12-24,magisch kids pakket_niet geldig op woensdag,20.47427976092054
2025-12-24,magisch vrijthof pakket_alle dagen geldig,20.864997215232318
2025-12-24,magisch vrijthof pakket_black friday deze deal vervalt op 24-11-23 23:59,22.21119590624591
2025-12-24,magisch vrijthof pakket_geldig op maandag  dinsdag  donderdag & vrijdag (28 november t/m 20 december),21.775666962226918
2025-12-24,magisch vrijthof pakket_geldig op woensdag  zaterdag & zondag (28 november t/m 20 december),20.619985825473023
2025-12-24,magisch vrijthof pakket_magisch vrijthof,21.24060166566088
2025-12-24,magisch vrijthof pakket_magisch vrijthof pakket,20.496329602126337
2025-12-24,magisch vrijthof pakket_niet geldig op woensdag,19.401577041889112
2025-12-24,magisch vrijthof pakket_weekend,19.998717569102276
2025-12-24,magisch vrijthof_magisch vrijthof,19.408124073694704
2025-12-24,magisch vrijthof_magisch vrijthof pakket,19.441450249329048
2025-12-24,magische fijnproevers_alle dagen geldig,22.92891835971489
2025-12-24,magische fijnproevers_geldig op maandag  dinsdag  donderdag & vrijdag (28 november t/m 20 december),22.810815223251474
2025-12-24,soort pakket_basis,22.86482252951108
2025-12-24,soort pakket_standaard,22.89636919859963
2025-12-25,carrousel (5 tickets)_5 tickets,21.700273861428943
2025-12-25,carrousel (5 tickets)_alle dagen geldig,22.895872609591382
2025-12-25,carrousel (5 tickets)_geldig op maandag  dinsdag  donderdag & vrijdag (28 november t/m 20 december),21.967718929188848
2025-12-25,kids pakket_alle dagen geldig,21.60811409664835
2025-12-25,kids pakket_magisch vrijthof pakket,20.537743694196127
2025-12-25,kids pakket_weekprijs (maandag t/m vrijdag & geldig t/m 22 december),28.248839724450654
2025-12-25,magisch kids pakket_5 tickets,20.625203839496596
2025-12-25,magisch kids pakket_alle dagen geldig,21.451942831932513
2025-12-25,magisch kids pakket_geldig op maandag  dinsdag  donderdag & vrijdag (28 november t/m 20 december),21.73751776470573
2025-12-25,magisch kids pakket_niet geldig op woensdag,20.96422622327551
2025-12-25,magisch vrijthof pakket_alle dagen geldig,21.10117878940719
2025-12-25,magisch vrijthof pakket_black friday deze deal vervalt op 24-11-23 23:59,21.735602602373596
2025-12-25,magisch vrijthof pakket_geldig op maandag  dinsdag  donderdag & vrijdag (28 november t/m 20 december),21.643622417827036
2025-12-25,magisch vrijthof pakket_geldig op woensdag  zaterdag & zondag (28 november t/m 20 december),21.004715795935056
2025-12-25,magisch vrijthof pakket_magisch vrijthof,21.24829267836196
2025-12-25,magisch vrijthof pakket_magisch vrijthof pakket,20.987097467016056
2025-12-25,magisch vrijthof pakket_niet geldig op woensdag,20.441230099767353
2025-12-25,magisch vrijthof pakket_weekend,21.068453916127698
2025-12-25,magisch vrijthof_magisch vrijthof,20.595911331934023
2025-12-25,magisch vrijthof_magisch vrijthof pakket,20.590016505861104
2025-12-25,magische fijnproevers_alle dagen geldig,18.52383160923278
2025-12-25,magische fijnproevers_geldig op maandag  dinsdag  donderdag & vrijdag (28 november t/m 20 december),18.438895312272788
2025-12-25,soort pakket_basis,18.48116360365513
2025-12-25,soort pakket_standaard,18.50666212444283
2025-12-26,carrousel (5 tickets)_5 tickets,24.28458451002643
2025-12-26,carrousel (5 tickets)_alle dagen geldig,20.772196616607246
2025-12-26,carrousel (5 tickets)_geldig op maandag  dinsdag  donderdag & vrijdag (28 november t/m 20 december),20.430772551722683
2025-12-26,kids pakket_alle dagen geldig,20.25180023050298
2025-12-26,kids pakket_magisch vrijthof pakket,20.713916494385973
2025-12-26,kids pakket_weekprijs (maandag t/m vrijdag & geldig t/m 22 december),24.224569136986
2025-12-26,magisch kids pakket_5 tickets,19.079050487037712
2025-12-26,magisch kids pakket_alle dagen geldig,21.519148898624014
2025-12-26,magisch kids pakket_geldig op maandag  dinsdag  donderdag & vrijdag (28 november t/m 20 december),21.085543610308005
2025-12-26,magisch kids pakket_niet geldig op woensdag,21.31597419419795
2025-12-26,magisch vrijthof pakket_alle dagen geldig,21.219435980506383
2025-12-26,magisch vrijthof pakket_black friday deze deal vervalt op 24-11-23 23:59,21.502316222310366
2025-12-26,magisch vrijthof pakket_geldig op maandag  dinsdag  donderdag & vrijdag (28 november t/m 20 december),21.38650176556978
2025-12-26,magisch vrijthof pakket_geldig op woensdag  zaterdag & zondag (28 november t/m 20 december),22.137206548960663
2025-12-26,magisch vrijthof pakket_magisch vrijthof,21.342995791689304
2025-12-26,magisch vrijthof pakket_magisch vrijthof pakket,21.03376575566423
2025-12-26,magisch vrijthof pakket_niet geldig op woensdag,21.37198631310164
2025-12-26,magisch vrijthof pakket_weekend,23.814625734025913
2025-12-26,magisch vrijthof_magisch vrijthof,21.827024123231574
2025-12-26,magisch vrijthof_magisch vrijthof pakket,21.63684699692461
2025-12-26,magische fijnproevers_alle dagen geldig,27.759193968366354
2025-12-26,magische fijnproevers_geldig op maandag  dinsdag  donderdag & vrijdag (28 november t/m 20 december),27.56334486511194
2025-12-26,soort pakket_basis,27.630113159062656
2025-12-26,soort pakket_standaard,27.66823451493949
2025-12-29,carrousel (5 tickets)_5 tickets,22.864887879624337
2025-12-29,carrousel (5 tickets)_alle dagen geldig,17.301280967303274
2025-12-29,carrousel (5 tickets)_geldig op maandag  dinsdag  donderdag & vrijdag (28 november t/m 20 december),18.515521579064455
2025-12-29,kids pakket_alle dagen geldig,20.130263843300785
2025-12-29,kids pakket_magisch vrijthof pakket,20.040846389826168
2025-12-29,kids pakket_weekprijs (maandag t/m vrijdag & geldig t/m 22 december),22.261954875761457
2025-12-29,magisch kids pakket_5 tickets,19.607939640228473
2025-12-29,magisch kids pakket_alle dagen geldig,21.036391255351827
2025-12-29,magisch kids pakket_geldig op maandag  dinsdag  donderdag & vrijdag (28 november t/m 20 december),22.67287525243414
2025-12-29,magisch kids pakket_niet geldig op woensdag,21.346657401896746
2025-12-29,magisch vrijthof pakket_alle dagen geldig,20.479437056268058
2025-12-29,magisch vrijthof pakket_black friday deze deal vervalt op 24-11-23 23:59,23.173923963372896
2025-12-29,magisch vrijthof pakket_geldig op maandag  dinsdag  donderdag & vrijdag (28 november t/m 20 december),24.365100540051372
2025-12-29,magisch vrijthof pakket_geldig op woensdag  zaterdag & zondag (28 november t/m 20 december),31.166799902940767
2025-12-29,magisch vrijthof pakket_magisch vrijthof,21.810948831922907
2025-12-29,magisch vrijthof pakket_magisch vrijthof pakket,21.031347551221785
2025-12-29,magisch vrijthof pakket_niet geldig op woensdag,20.59503900885762
2025-12-29,magisch vrijthof pakket_weekend,20.84092807525188
2025-12-29,magisch vrijthof_magisch vrijthof,21.895136230971545
2025-12-29,magisch vrijthof_magisch vrijthof pakket,21.849351748623775
2025-12-29,magische fijnproevers_alle dagen geldig,22.867317237770852
2025-12-29,magische fijnproevers_geldig op maandag  dinsdag  donderdag & vrijdag (28 november t/m 20 december),25.282512258686477
2025-12-29,soort pakket_basis,25.33490396143805
2025-12-29,soort pakket_standaard,25.369858609812432
2025-12-30,carrousel (5 tickets)_5 tickets,21.76381418764474
2025-12-30,carrousel (5 tickets)_alle dagen geldig,16.643782867483896
2025-12-30,carrousel (5 tickets)_geldig op maandag  dinsdag  donderdag & vrijdag (28 november t/m 20 december),17.706761038485162
2025-12-30,kids pakket_alle dagen geldig,19.55963801963338
2025-12-30,kids pakket_magisch vrijthof pakket,19.83433884110529
2025-12-30,kids pakket_weekprijs (maandag t/m vrijdag & geldig t/m 22 december),21.709067905284304
2025-12-30,magisch kids pakket_5 tickets,18.92612782859084
2025-12-30,magisch kids pakket_alle dagen geldig,19.636466271340346
2025-12-30,magisch kids pakket_geldig op maandag  dinsdag  donderdag & vrijdag (28 november t/m 20 december),21.17970328639241
2025-12-30,magisch kids pakket_niet geldig op woensdag,19.76712410458986
2025-12-30,magisch vrijthof pakket_alle dagen geldig,20.903848835202222
2025-12-30,magisch vrijthof pakket_black friday deze deal vervalt op 24-11-23 23:59,20.908745505739525
2025-12-30,magisch vrijthof pakket_geldig op maandag  dinsdag  donderdag & vrijdag (28 november t/m 20 december),21.824204455008125
2025-12-30,magisch vrijthof pakket_geldig op woensdag  zaterdag & zondag (28 november t/m 20 december),22.095750366423243
2025-12-30,magisch vrijthof pakket_magisch vrijthof,21.350491736164937
2025-12-30,magisch vrijthof pakket_magisch vrijthof pakket,21.58593469819657
2025-12-30,magisch vrijthof pakket_niet geldig op woensdag,21.647404874785014
2025-12-30,magisch vrijthof pakket_weekend,21.738323744627056
2025-12-30,magisch vrijthof_magisch vrijthof,22.668088130063616
2025-12-30,magisch vrijthof_magisch vrijthof pakket,22.627077415980825
2025-12-30,magische fijnproevers_alle dagen geldig,21.159839858841124
2025-12-30,magische fijnproevers_geldig op maandag  dinsdag  donderdag & vrijdag (28 november t/m 20 december),23.518028779531527
2025-12-30,soort pakket_basis,23.554870530556606
2025-12-30,soort pakket_standaard,23.587369261088714
2025-12-31,carrousel (5 tickets)_5 tickets,29.211296002280204
2025-12-31,carrousel (5 tickets)_alle dagen geldig,21.299395239403324
2025-12-31,carrousel (5 tickets)_geldig op maandag  dinsdag  donderdag & vrijdag (28 november t/m 20 december),21.796967098926512
2025-12-31,kids pakket_alle dagen geldig,23.09676090305509
2025-12-31,kids pakket_magisch vrijthof pakket,21.887384075676465
2025-12-31,kids pakket_weekprijs (maandag t/m vrijdag & geldig t/m 22 december),28.959319727289508
2025-12-31,magisch kids pakket_5 tickets,23.59762354964733
2025-12-31,magisch kids pakket_alle dagen geldig,22.743364296372647
2025-12-31,magisch kids pakket_geldig op maandag  dinsdag  donderdag & vrijdag (28 november t/m 20 december),26.52147383348206
2025-12-31,magisch kids pakket_niet geldig op woensdag,25.137034134648886
2025-12-31,magisch vrijthof pakket_alle dagen geldig,24.330395318864262
2025-12-31,magisch vrijthof pakket_black friday deze deal vervalt op 24-11-23 23:59,24.699588830260286
2025-12-31,magisch vrijthof pakket_geldig op maandag  dinsdag  donderdag & vrijdag (28 november t/m 20 december),25.63811894507696
2025-12-31,magisch vrijthof pakket_geldig op woensdag  zaterdag & zondag (28 november t/m 20 december),27.00856333468143
2025-12-31,magisch vrijthof pakket_magisch vrijthof,25.928584597102148
2025-12-31,magisch vrijthof pakket_magisch vrijthof pakket,24.966453091279142
2025-12-31,magisch vrijthof pakket_niet geldig op woensdag,26.006669373863513
2025-12-31,magisch vrijthof pakket_weekend,26.16891479311543
2025-12-31,magisch vrijthof_magisch vrijthof,26.794467073488857
2025-12-31,magisch vrijthof_magisch vrijthof pakket,26.748871581095816
2025-12-31,magische fijnproevers_alle dagen geldig,25.8726866638973
2025-12-31,magische fijnproevers_geldig op maandag  dinsdag  donderdag & vrijdag (28 november t/m 20 december),27.25650559795055
2025-12-31,soort pakket_basis,27.313968090417784
2025-12-31,soort pakket_standaard,27.351653259927915
